listing_id,listing_name,room_type,cluster_id,guests,bedrooms,baths,cleaning_fee,num_reviews_x,rating_overall,superhost,professional_management,ttm_avg_rate,ttm_occupancy
13970956,*Sparkling Clean* 5-Star Modern Luxury Near Uptown,entire_home,0,4.0,2.0,1.0,90.0,250,4.96,1,0,157.6,0.718
8698538,"Pet Friendly by Greenway, Light Rail & Food Halls",entire_home,1,5.0,2.0,2.5,170.0,374,4.91,0,0,190.1,0.518
26843717,"Spacious 3bd/2ba home • Pet Friendly, Fenced Yard",entire_home,1,8.0,3.0,2.0,99.0,145,4.9,1,0,215.5,0.384
24810258,"Uptown Townhouse (Dec 14-27, 3 Nights Minimum)",entire_home,0,2.0,1.0,1.0,0.0,38,4.79,0,0,82.3,0.219
20725751,Beautiful Charlotte Condo with King Bed and Free P,entire_home,0,6.0,2.0,1.0,140.0,85,4.86,1,1,201.0,0.384
20725559,Vibrant and Cozy 2BR near Uptown with Balcony,entire_home,1,6.0,2.0,2.0,140.0,68,4.79,1,1,228.1,0.433
26976316,Private Bungalow by NoDa/Uptown—Walk to Light Rail,entire_home,0,2.0,1.0,1.0,70.0,393,4.96,1,0,113.0,0.819
14295733,"Large, Bright 5 Bedroom Home in Southend",entire_home,1,12.0,5.0,2.5,255.0,288,4.92,0,0,367.0,0.192
31639541,Top Floor South Park One Bedroom Condo,entire_home,0,3.0,1.0,1.0,162.0,15,4.8,0,0,83.0,0.427
21784359,2 Mi to Dtwn: Home in NoDa District Near UNC!,entire_home,1,8.0,4.0,3.0,0.0,94,4.48,0,0,318.9,0.389
12046579,Big and bright Charlotte Apartment,entire_home,0,3.0,1.0,1.0,50.0,233,4.91,1,0,81.9,0.329
29188280,"Sparkling Clean, Private & Chic, Just Five Min. From Uptown.",entire_home,0,3.0,1.0,1.0,0.0,549,4.99,1,0,99.7,0.175
27871966,Chic Modern Bamboo Bungalow,entire_home,0,4.0,2.0,1.0,60.0,187,4.98,1,0,209.2,0.603
20725585,"Historic Dilworth Condo: King Bed, Porch & Charm!",entire_home,0,4.0,1.0,1.0,112.0,102,4.87,1,1,178.7,0.666
32405959,"University Townhome, available for long-term.",entire_home,0,4.0,2.0,2.5,0.0,32,4.84,1,0,110.6,0.271
20927161,Open floor plan Plaza Midwood bungalow,entire_home,0,4.0,2.0,2.0,75.0,326,4.83,0,0,168.1,0.4
16532820,Wonderful Home in the city - Walk to everything,entire_home,1,8.0,4.0,2.5,185.0,488,4.93,1,1,348.2,0.559
21162078,1Bed/1Bath Apt in Heart of Uptown Charlotte.,entire_home,0,3.0,1.0,1.0,100.0,58,4.97,1,0,119.0,0.395
27432872,Cozy & Modern Home Close to Uptown & Airport,entire_home,1,8.0,3.0,2.0,120.0,118,4.85,1,0,211.6,0.356
27491336,Romantic Bright Industrial Revolution,entire_home,1,4.0,3.0,2.5,170.0,165,4.98,1,0,198.9,0.395
28012164,Lagniappe NoDa: center of NoDa + walk to lightrail,entire_home,0,3.0,1.0,1.0,0.0,167,4.99,1,0,117.8,0.107
32269098,"1.5 miles to Uptown, 1300+sf townhome...",entire_home,0,3.0,2.0,1.0,50.0,76,4.86,1,0,109.9,0.405
14123099,Minutes to Everything...now on the Gold Line!!!,entire_home,0,4.0,2.0,1.0,0.0,95,4.88,1,0,115.4,0.384
26425761,Charming home. Historic district. Walk to the city,entire_home,1,8.0,3.0,2.5,175.0,249,4.94,1,1,289.1,0.567
30376303,"Cozy 5BR Retreat w/Fire Pit, BBQ & Outdoor Lounge",entire_home,1,12.0,5.0,2.5,275.0,123,4.89,1,1,536.5,0.512
32308268,5⭐️Smart🏡 5mins to Uptown ♛ King Bed ❤️Pets 🗽RNC,entire_home,1,7.0,4.0,2.0,130.0,334,4.38,0,0,193.0,0.537
23595006,Cozy LOFT in Plaza-Midwood,entire_home,0,2.0,1.0,1.0,20.0,330,4.98,0,0,117.5,0.704
7142723,"Peaceful Zen Retreat w/Hot Tub, Min to Uptown!",entire_home,1,7.0,3.0,2.0,140.0,443,4.76,1,0,271.0,0.433
20350514,"Comfortable, Historic, South End Condo",entire_home,0,2.0,1.0,1.0,80.0,260,4.85,1,0,137.4,0.649
16705630,"Entire Basement Suite,Cozy Fireplace,GREAT Locale!",entire_home,0,3.0,1.0,1.0,25.0,357,4.92,1,0,144.6,0.342
22402128,"Peaceful, Garden-level Apt - University/North CLT",entire_home,0,3.0,1.0,1.0,125.0,185,4.89,1,0,109.4,0.584
21736575,Tuckaway Retreat,entire_home,1,6.0,3.0,3.5,225.0,64,4.92,0,0,228.9,0.192
30983880,Sunny Retreat in SouthPark – Spacious 2 BR 1Bath,entire_home,0,4.0,2.0,1.0,125.0,88,4.95,0,0,163.3,0.364
14865673,"Uptown w/Garage, Wash & Fold, Housekeeping, Treats",entire_home,0,2.0,1.0,1.0,0.0,311,5.0,1,0,93.8,0.521
20725610,"Charlotte Getaway: King Bed, Porch & Free Parking",entire_home,0,2.0,1.0,1.0,110.0,52,4.81,1,1,168.1,0.515
22829801,Uptown 3rd Ward | Luxury Apt | City Skyline View,entire_home,0,4.0,1.0,1.0,71.0,699,4.9,1,1,200.3,0.671
20725832,Light Filled 2 Bedroom in Myers Park with a Porch,entire_home,0,6.0,2.0,2.0,140.0,96,4.94,1,1,231.7,0.644
27431650,2B/1BA Pinball! Pets OK! No Chores! Fenced! 28226,entire_home,0,4.0,2.0,1.0,63.0,19,5.0,0,0,144.7,0.063
18050287,"Welcome to 
Harrisburg Hideaway!
Live Laugh Love!",private_room,0,3.0,3.0,0.0,0.0,315,4.9,1,0,73.1,0.562
26846030,Relaxing home in SouthEnd Area! Pets are welcomed!,entire_home,0,4.0,1.0,1.0,70.0,287,4.69,0,0,95.4,0.737
24679994,*Sanitized Safe* 2 Bdr Plaza Midwood 2 Duplex Home,entire_home,0,4.0,2.0,1.0,75.0,104,4.77,1,0,113.6,0.386
31290402,Uptown with Fitness Center & Walk to Starbucks,entire_home,0,3.0,1.0,1.0,90.0,320,4.63,0,0,165.8,0.386
24754446,"CLT Home (near Uptown, NoDa, Plaza Midwood)",entire_home,0,4.0,2.0,2.0,85.0,257,4.85,1,0,146.6,0.416
32214511,Your Home Away From Home!,entire_home,1,6.0,3.0,2.5,0.0,57,4.98,1,0,181.2,0.312
33074838,King Bed Suite - 5 ⭐️ long-term stay in SouthPark,entire_home,0,2.0,1.0,1.0,50.0,221,4.78,0,0,162.7,0.419
17793078,ℒ𝓊𝓍ℯ ✯ Uptown Smart Loft Staycation,entire_home,0,4.0,1.0,1.0,0.0,96,4.99,1,0,633.0,0.633
31036661,Caught in the City,entire_home,0,4.0,2.0,1.0,100.0,295,4.91,1,0,156.6,0.685
31173406,Charming Walkable Retreat w/Fenced Yard for Dog,entire_home,0,5.0,2.0,1.0,95.0,173,5.0,1,0,297.4,0.584
16571175,A Cozy Uptown Retreat.,entire_home,0,2.0,1.0,1.0,0.0,313,4.95,1,0,136.3,0.148
27055159,"New Studio Apt, Historic Dilworth, walk Uptown CLT",entire_home,0,2.0,1.0,1.0,25.0,201,4.94,1,0,100.6,0.663
16221369,Elegant Uptown Condo with Fantastic View,entire_home,0,2.0,1.0,1.0,0.0,85,4.62,0,0,121.0,0.17
25259369,"Charming 1937 Duplex, side 2",entire_home,0,4.0,1.0,1.0,90.0,316,4.7,1,0,141.1,0.71
33271724,"Centrally Located Guest Home by Greenway, Uptown",entire_home,0,3.0,1.0,1.0,85.0,612,4.87,0,0,147.2,0.592
20725765,"Charlotte Condo: 2BR, Porch, Free Parking & Pets O",entire_home,0,6.0,2.0,2.0,140.0,108,4.91,1,1,226.7,0.63
20186308,Relaxing bed and bath,entire_home,0,4.0,1.0,1.0,20.0,223,4.95,1,0,98.8,0.071
14314731,Spacious & Open Concept South Charlotte Home,entire_home,0,4.0,2.0,2.0,0.0,48,4.98,1,0,105.1,0.304
20725279,Classic 1BR King Condo | Elizabeth-Plaza Midwood,entire_home,0,4.0,1.0,1.0,95.0,54,4.76,1,1,167.1,0.255
25580293,"Full Apartment connected to home, South Charlotte",entire_home,0,2.0,1.0,1.0,40.0,445,4.97,1,0,79.2,0.592
20851164,Home away from home!,entire_home,1,8.0,4.0,2.5,150.0,141,4.8,1,0,202.6,0.54
14809517,"POOL, ROOFTOP, SKYLINE VIEW in Downtown Charlotte",entire_home,0,4.0,1.0,1.0,75.0,881,4.87,1,0,237.0,0.285
23198966,Spacious Townhouse minutes from Carowinds,entire_home,1,6.0,3.0,2.5,130.0,98,4.97,1,0,228.0,0.542
20848299,Queen City Charmer,entire_home,0,3.0,1.0,1.0,75.0,998,4.81,1,0,110.2,0.603
32268080,The BlueDoor B&B - Uptown Gem; Walk to Everything!,entire_home,0,3.0,1.0,1.0,35.0,686,4.94,1,0,117.3,0.46
21420273,Dilworth/Sedgefield Cottage,entire_home,0,6.0,3.0,1.5,150.0,207,4.94,1,0,187.6,0.51
17685125,Private carriage house in the heart of Charlotte,entire_home,0,2.0,1.0,1.0,15.0,649,4.96,1,0,117.0,0.668
3493118,Secluded Southpark Beach Shangri-La,entire_home,0,3.0,1.0,1.0,150.0,57,5.0,1,0,198.9,0.868
21827500,Myers Park Gem Great location,entire_home,0,4.0,1.0,1.0,100.0,86,4.92,1,1,194.4,0.077
31990562,Cozy Home Near NODA,entire_home,0,5.0,2.0,1.0,75.0,328,4.69,1,0,122.8,0.652
31961752,"SouthEnd Home, Uptown Views & Walkability",entire_home,1,7.0,3.0,2.0,100.0,209,4.93,1,0,324.9,0.132
30148592,Central Location in South End with Fitness Center,entire_home,0,2.0,1.0,1.0,105.0,369,4.7,0,0,163.4,0.704
28540567,"One bedroom condo near Ballantyne, South Charlotte",entire_home,0,4.0,1.0,1.0,100.0,124,4.88,1,0,123.6,0.682
1369509,Plaza Midwood private room and bath,entire_home,0,2.0,1.0,1.0,0.0,322,4.88,1,0,93.0,0.712
4106050,The Laughing Frog | Charming Bungalow in Dilworth,entire_home,0,3.0,2.0,1.0,150.0,48,4.98,1,0,209.3,0.436
26632642,"Urban Retreat-uptown modern studio, parking, pool",entire_home,0,2.0,1.0,1.0,70.0,52,4.88,1,0,127.1,0.219
32220513,Beautiful 4bd 2bath House w/pool close to CLT,entire_home,1,13.0,4.0,2.0,250.0,56,4.8,0,0,498.3,0.241
14798691,The Pearl of Lake Wylie,entire_home,1,5.0,2.0,2.0,175.0,30,4.8,0,0,215.8,0.605
25867598,Uptown 1st Ward | Private Balcony | Gym & Pool,entire_home,0,4.0,1.0,1.0,60.0,463,4.83,1,0,154.9,0.268
19943518,Sedgefield living,entire_home,0,6.0,3.0,1.5,105.0,175,4.85,1,0,170.3,0.586
10974319,Your own condo in uptown Charlotte,entire_home,0,2.0,1.0,1.0,45.0,1337,4.9,1,0,137.2,0.756
19471307,The Henry,entire_home,0,2.0,1.0,1.0,75.0,237,5.0,1,0,122.7,0.493
31853317,Walk to Spectrum Arena! Uptown Home + Rooftop Bar!,entire_home,1,4.0,2.0,2.0,75.0,20,4.85,0,0,286.1,0.142
27573282,Boho by the Water! 1750sqft - Fishing & sleeps 11!,entire_home,1,11.0,2.0,3.0,120.0,96,4.96,1,0,262.2,0.282
23906969,"Close Yet Private: Epic Location, Pool & Hot Tub!",entire_home,1,6.0,3.0,2.0,140.0,173,4.84,1,0,444.3,0.351
32443244,Charming Bird's Nest,entire_home,0,4.0,2.0,1.0,115.0,145,4.89,1,0,138.5,0.496
20725329,Charming King Condo on the Trolley,entire_home,0,4.0,1.0,1.0,112.0,54,4.74,1,1,167.3,0.433
4109173,Prime Charlotte Location 3BR Townhouse Near Uptown,entire_home,1,6.0,3.0,2.5,140.0,75,4.89,0,0,209.0,0.101
20725301,Retro 1BR in Elizabeth with Porch & Eclectic Desig,entire_home,0,4.0,1.0,1.0,100.0,29,4.66,1,1,164.6,0.189
16750562,Modern Guest Suite 1 Mi to Uptown | Private Garage,entire_home,0,2.0,1.0,1.0,105.0,266,4.82,1,0,142.1,0.416
10831994,Comfy private bed and bath,private_room,0,1.0,1.0,0.0,10.0,416,4.9,1,0,56.5,0.422
33177907,Family Friendly Getaway-Close to Quail Hollow Golf,entire_home,1,9.0,4.0,2.5,125.0,6,5.0,0,0,1198.0,0.085
32864172,Private room separate entrance with full bathroom,private_room,0,1.0,1.0,1.0,0.0,43,4.65,1,0,52.0,0.068
32081438,Beautiful Elizabeth Bungalow,entire_home,1,8.0,3.0,2.0,150.0,138,4.89,0,0,246.2,0.436
31470003,Modern & Charming Bungalow - Large Fenced Yard,entire_home,0,4.0,2.0,2.0,135.0,151,4.87,1,0,146.5,0.767
4402895,Golfcourse Cottage on the water,entire_home,0,4.0,2.0,1.5,55.0,119,4.81,0,0,134.2,0.685
13669259,Industrial Chic Loft in the Arts District,entire_home,0,6.0,2.0,2.0,125.0,158,4.87,1,0,185.0,0.542
32016834,"Short & Longterm Rental - Charlotte, NC",entire_home,1,6.0,3.0,2.5,250.0,66,4.83,1,0,224.2,0.447
14501050,Comfortable Townhouse w/ Patio 1 Mile from Uptown,entire_home,1,6.0,2.0,2.5,0.0,61,4.66,0,0,161.1,0.153
23786104,"A Classic Urban Cottage, Comfortable and Stylish.",entire_home,1,5.0,3.0,1.5,150.0,244,4.99,1,0,267.2,0.222
1024811,Hey Ya'll  ~  Free Parking | Pets Welcome,entire_home,0,2.0,1.0,1.0,80.0,240,4.93,1,0,195.9,0.732
13884570,"Modern, Trendy Condo Uptown",entire_home,0,2.0,1.0,1.0,180.0,34,4.97,1,0,177.0,0.43
30962218,Eclectic South End Condo,entire_home,0,2.0,1.0,1.0,80.0,312,4.89,1,0,146.8,0.677
22665620,Walk to Light Rail from a Roomy Basement Apartment,entire_home,0,3.0,1.0,1.0,60.0,754,4.91,1,0,79.6,0.827
14532299,Cute Dilworth Bungalow - Close to it All,entire_home,0,6.0,3.0,1.0,100.0,267,4.8,0,0,176.7,0.534
26236292,3 beds & 1ba - Private Home Serene Patio Vibes!,entire_home,0,6.0,2.0,1.0,0.0,49,4.9,1,0,155.5,0.537
32070643,Center City Charlotte,entire_home,1,8.0,4.0,2.0,180.0,56,4.63,1,0,144.2,0.068
20725635,Dilworth 1BR Condo: Free Parking & Balcony!,entire_home,0,4.0,1.0,1.0,110.0,73,4.88,1,1,175.9,0.447
26057559,Walk to Uptown from a Contemporary Bungalow,entire_home,1,7.0,3.0,2.0,140.0,227,4.91,1,0,189.9,0.4
20833401,Charming Renovated 1920's Home-Walkable to Uptown,entire_home,0,4.0,2.0,1.0,55.0,119,4.72,0,0,173.4,0.027
30416859,"Modern Luxury Condo, Close to Uptown, King Suite.",entire_home,0,2.0,1.0,1.0,0.0,21,4.9,0,0,90.8,0.123
33492650,Private guest suite in a quiet S.Park neighborhood,entire_home,0,2.0,1.0,1.0,25.0,121,4.89,1,0,91.6,0.332
7324012,Uptown Charm Bungalow on Bay. (Travel Nurses Fav.),entire_home,0,4.0,2.0,1.0,100.0,196,4.81,0,0,120.7,0.348
20725655,"Dilworth Condo: Balcony, King Bed, Free Parking!",entire_home,0,4.0,1.0,1.0,110.0,86,4.92,1,1,186.5,0.266
17497504,D & S BnB LLC. Pet friendly,entire_home,0,4.0,1.0,1.0,0.0,303,5.0,1,0,125.7,0.962
20726119,Elegant Myers Park 2BR King Condo with Sunroom,entire_home,0,4.0,2.0,1.0,119.0,55,4.96,1,1,201.4,0.071
25796123,Newly renovated! Charming 1937 Duplex Side 1,entire_home,0,4.0,1.0,1.0,90.0,203,4.65,1,0,132.9,0.351
23633357,University City Guest House,entire_home,1,8.0,4.0,3.0,150.0,116,4.78,0,0,161.3,0.205
32271078,"Bacardi Homes, LLC of Charlotte-the Green Door",entire_home,1,10.0,3.0,2.0,150.0,77,4.81,1,0,214.9,0.521
29057100,Cozy Cottage Minutes from Uptown,entire_home,0,4.0,2.0,2.0,110.0,353,4.79,1,0,169.8,0.31
22166407,"8 Bedrooms in Dilworth, Close to SouthEnd",entire_home,1,16.0,8.0,4.0,340.0,242,4.82,0,0,491.6,0.559
28277990,Uptown Charlotte Cottage Home Walk to all stadiums,entire_home,0,4.0,2.0,1.0,100.0,103,4.98,0,0,133.8,0.649
27806473,Uptown 1st Ward | Walk Everywhere | Apple TV-Wifi,entire_home,0,4.0,1.0,1.0,71.0,488,4.82,1,1,158.5,0.633
728239,Cozy Studio Apt w/ Private Bathroom,entire_home,0,2.0,1.0,1.0,20.0,791,4.88,0,0,80.2,0.181
18962353,Close 2 Southpark~Pet Friendly w/Fenced-In Yard,entire_home,1,7.0,3.0,1.5,256.0,61,4.82,1,1,199.0,0.038
29393829,Eclectic in the Heart of Arts District-Condo,entire_home,0,2.0,1.0,1.0,70.0,426,4.86,1,0,156.4,0.321
32282135,Fabulous Fourth Ward Flat * 1BR Historic Charlotte,entire_home,0,3.0,1.0,1.0,80.0,182,4.91,1,0,174.6,0.501
17676454,Renovated bungalow 1 mile from Uptown Charlotte.,entire_home,1,6.0,2.0,2.0,150.0,189,4.78,0,0,179.1,0.282
9320861,3Bed 2Bath UNCC PNC IKEA Concord Mills & Speedway,entire_home,0,4.0,3.0,2.0,50.0,248,4.71,1,0,163.1,0.479
28724153,Uptown 1 bedroom condo,entire_home,0,2.0,1.0,1.0,45.0,801,4.9,1,0,122.8,0.666
20725349,"Chic 1BR King Condo, Elizabeth-Plaza Midwood",entire_home,0,4.0,1.0,1.0,112.0,55,4.93,1,1,154.1,0.438
28153655,Uptown 1st Ward | Minutes to Epicentre | Gym-Pool,entire_home,0,4.0,1.0,1.0,71.0,532,4.84,1,1,152.7,0.679
15563888,2BR/2BA Light Rail Station-Top Floor Flat-Southend,entire_home,0,4.0,2.0,2.0,0.0,33,4.97,1,0,123.5,0.195
30293819,"Central w/ Pool & Gym, Free Parking - Walkable!",entire_home,0,2.0,1.0,1.0,100.0,337,4.69,0,0,156.3,0.578
22861606,Guest house SouthPark Area,entire_home,0,2.0,1.0,1.0,75.0,292,4.98,1,0,145.8,0.416
31290170,Uptown Charlotte Pool View - 24/7 Fitness Center,entire_home,0,2.0,1.0,1.0,90.0,416,4.72,0,0,160.5,0.477
25446261,Uptown 1st Ward | Patio with Hammock | 2 Story Apt,entire_home,0,6.0,2.0,1.0,82.0,460,4.74,1,1,159.9,0.515
20036662,Plaza Midwood Carriage House - Quiet & Private,entire_home,0,2.0,1.0,1.0,35.0,221,4.96,1,0,144.6,0.526
20725387,Elegant 2BR with Covered Patio,entire_home,1,6.0,2.0,2.5,140.0,27,4.93,1,1,309.9,0.477
10207853,Gorgeous Studio Apt close to Uptown,entire_home,0,2.0,1.0,1.0,5.0,623,4.96,1,0,94.2,0.77
14264412,Darby's Safari Apartment overlooking petting zoo.,entire_home,0,4.0,2.0,1.0,30.0,438,4.92,1,0,102.0,0.438
16589306,Private Entrance Studio,entire_home,0,2.0,1.0,1.0,40.0,266,4.93,1,0,117.0,0.403
23593369,"Modern, UNC CH Home3br/2ba 3 beds, 1king 2 queen",entire_home,1,6.0,3.0,2.0,135.0,356,4.79,1,0,162.4,0.518
19940995,"Centrally Located - 5 Min to Uptown, I-77 and -I85",entire_home,1,6.0,3.0,3.0,125.0,386,4.71,0,0,166.4,0.468
29607799,"Cotswold Gem, Deck, HotTub Private Entrance Quiet",entire_home,0,2.0,1.0,1.0,118.0,197,4.97,0,0,119.6,0.499
2012313,Home away from home.Very Peaceful,entire_home,1,8.0,3.0,2.0,47.0,274,4.71,1,0,175.8,0.31
30404728,Clouds and the Rain,entire_home,0,4.0,2.0,1.0,100.0,523,4.94,1,0,148.1,0.71
13637704,"Lake Front and pool, great vacation spot",entire_home,1,16.0,7.0,5.5,500.0,16,4.69,0,0,1135.7,0.258
23883019,Townhouse in the Heart of Charlotte,entire_home,0,4.0,2.0,1.5,130.0,177,4.79,1,0,128.8,0.496
15221991,*Sanitized Safe* 1 bdr Midwood/Commonwealth Condo,entire_home,0,3.0,1.0,1.0,65.0,80,4.85,1,0,88.4,0.186
11168918,"Uptown Zen House - Fresh, new design!",entire_home,1,6.0,3.0,2.5,100.0,51,4.65,0,0,240.5,0.063
12087093,South End Stunner in Heart of it all-3 BR Townhome,entire_home,1,7.0,4.0,3.0,155.0,128,4.96,1,0,415.7,0.499
17408007,"Walkable Uptown area, King bed. Quiet & Private",entire_home,0,3.0,1.0,1.5,25.0,134,4.87,1,0,92.3,0.268
20725808,Refined Myers Park 2BR King Condo with Sunroom,entire_home,0,6.0,2.0,1.0,119.0,72,4.93,1,1,233.9,0.296
21355092,Luxury Parkside Townhome 1 mile from Uptown,entire_home,1,11.0,6.0,3.0,0.0,193,4.99,0,0,513.3,0.244
31236794,"Ayrsley Live, Work",entire_home,0,4.0,2.0,2.5,50.0,269,4.68,0,0,110.4,0.589
20725683,"Myers Park 2BR Condo with King Bed, Porch & Free P",entire_home,0,6.0,2.0,1.0,140.0,87,4.91,1,1,221.6,0.507
28738827,The Historic Ivey’s (Est. 1924) Uptown Condo,entire_home,1,4.0,2.0,2.0,160.0,119,4.92,1,0,360.9,0.455
20965706,"Yellow House - 3 Bed, Private yard, parking",entire_home,1,6.0,3.0,2.0,100.0,294,4.85,0,0,228.5,0.164
30292164,Queen city lifestyle,entire_home,1,6.0,3.0,2.0,160.0,121,4.74,0,0,135.7,0.164
17537945,Coliseum Cottage,entire_home,0,4.0,2.0,1.0,100.0,490,4.91,1,0,139.0,0.553
31325926,Stylish Mid-Century EastCLT Home w/firepit-the Del,entire_home,0,4.0,2.0,1.0,80.0,400,4.97,1,0,122.4,0.849
20724787,Spacious condo with easy access to Uptown,entire_home,0,2.0,1.0,1.0,112.0,136,4.86,1,1,194.7,0.197
547871,Basil Bungalow | Plaza Midwood,entire_home,0,6.0,2.0,2.0,110.0,345,4.89,1,1,275.7,0.69
14473575,Downtown Bungalow 7 bedroom 4 bath,entire_home,1,16.0,7.0,4.0,220.0,333,4.9,0,0,664.2,0.619
30037226,Wonderful 2 bedroom townhouse in South Charlotte,entire_home,1,6.0,2.0,2.5,150.0,73,4.88,1,0,194.9,0.175
32555162,Uncc Nascar Pnc 2acre lot two bedroom,entire_home,0,5.0,2.0,1.0,25.0,153,4.67,0,0,100.4,0.099
22477236,Modern Townhouse in Historic 4th Ward!,entire_home,0,3.0,1.0,1.0,85.0,137,4.84,1,0,122.6,0.479
33088119,Cozy Industrial Ranch| Great Value | 1 mi to NoDa,entire_home,0,6.0,2.0,1.0,90.0,317,4.8,1,0,116.1,0.225
20725405,2Plush Myers Park 2BR King Condo | Porch | Private,entire_home,1,6.0,2.0,2.5,125.0,10,4.5,1,1,267.8,0.255
25202068,Uptown 1st Ward | Walk to Epicentre | Apple TV,entire_home,0,4.0,1.0,1.0,71.0,522,4.79,1,1,162.1,0.611
25995678,1008 Parkwood Avenue,entire_home,1,8.0,4.0,3.5,200.0,242,4.77,0,0,223.6,0.479
6749964,"Charming Bungalow Bed, EnSuite Bath, shared home",private_room,0,2.0,1.0,1.5,75.0,51,5.0,0,0,145.8,0.249
20946510,5-Star *Sparkling Clean* Modern Luxury Near Uptown,entire_home,0,4.0,2.0,1.0,90.0,259,4.98,1,0,144.9,0.671
21695311,Stylish South Park Abode,entire_home,0,4.0,2.0,1.0,60.0,64,4.88,0,0,171.0,0.353
18439088,"Windy Hill, A Tranquil Retreat in East Charlotte",entire_home,0,2.0,1.0,1.0,45.0,142,4.99,0,0,118.4,0.595
1502803,Charming bungalow - Uptown 1mi away!,entire_home,0,3.0,2.0,1.0,100.0,117,4.81,1,0,119.0,0.712
14786218,Sweetwater Cottage on Lake Wylie,entire_home,1,8.0,2.0,2.0,175.0,6,4.83,0,0,250.8,0.537
31104826,"Meghan’s Place-Suite, Private Entry",entire_home,0,5.0,1.0,1.0,58.0,178,4.94,1,0,125.1,0.233
20517670,"Charlotte Home/hot tub/near lake,Carowinds,airport",entire_home,1,6.0,3.0,2.5,165.0,24,4.96,1,0,219.7,0.493
20725544,"Charlotte Condo with Balcony: Sleeps 3, Pet-Friend",entire_home,0,4.0,2.0,1.0,140.0,72,4.86,1,1,192.2,0.411
21827516,Myers Park Condo: Modern Comfort & Pet-Friendly St,entire_home,0,2.0,1.0,1.0,112.0,103,4.92,1,1,174.8,0.359
12269378,Peaceful Charlotte Retreat: Senior Friendly,entire_home,0,4.0,2.0,2.0,100.0,109,4.94,1,0,170.1,0.356
22402309,Beautiful University Townhome,entire_home,1,4.0,3.0,2.5,140.0,70,4.83,1,0,134.0,0.595
32306381,Discover Charlotte From a Radiant Home with a Patio,entire_home,0,4.0,2.0,2.5,110.0,415,4.87,1,0,185.8,0.397
20725482,Chic and Comfortable 2BR near Uptown,entire_home,1,6.0,2.0,2.5,140.0,47,4.96,1,1,290.3,0.548
19121020,Your home away from home - Weekly,entire_home,0,4.0,2.0,1.0,0.0,1011,4.77,1,0,100.1,0.534
4452470,Loft in Myers Park - Great Location,entire_home,0,2.0,1.0,1.0,0.0,50,4.7,0,0,185.5,0.214
21967032,"Cute, Stylish and Comfy Ranch Close to Uptown!",entire_home,1,8.0,3.0,1.0,156.0,337,4.68,0,0,167.9,0.216
26600754,Beautiful Updated Charlotte Ranch,entire_home,1,8.0,3.0,2.0,180.0,78,4.69,0,0,218.9,0.093
25981960,Tiny Living in Wilmore/South End,entire_home,0,5.0,2.0,1.0,90.0,417,4.73,1,0,185.4,0.512
33718219,"3000 Sq Ft, 5 Bedroom, City with ♥ Parking (2)",entire_home,1,13.0,5.0,3.5,185.0,138,4.93,1,0,468.1,0.455
9875356,The Duchess of (1st Ward) Uptown!,entire_home,0,4.0,1.0,1.0,118.0,43,4.95,0,0,124.2,0.452
20725519,Chic Comfortable 2BR with Porch near Dilworth,entire_home,0,4.0,2.0,1.0,140.0,41,4.66,1,1,190.5,0.31
32118226,Uptown Charlotte Loft Near Bank of America Stadium,entire_home,0,2.0,1.0,1.0,45.0,388,4.89,1,0,130.0,0.584
15791330,"Luxury Guest Apt next to Uptown, Fine Dining,Parks",entire_home,0,4.0,2.0,2.0,125.0,91,4.99,1,0,195.8,0.471
30174798,Historic Cherry Bungalow House - Midtown,entire_home,0,4.0,2.0,1.0,165.0,55,4.93,1,0,144.7,0.444
19455055,Family Home In Cozy Neighborhood Cul-de-Sac,entire_home,1,5.0,4.0,3.0,250.0,39,4.95,1,0,257.1,0.29
24831464,Noda luxury Charlotte,entire_home,0,4.0,1.0,1.0,105.0,34,4.68,0,0,136.7,0.274
26249989,Uptown 1st Ward | Patio with Hammock | 2BD Hip Apt,entire_home,0,6.0,2.0,1.0,82.0,482,4.74,1,1,169.8,0.6
27338626,Cute and spacious single family home/pet friendly,entire_home,1,6.0,3.0,2.5,0.0,33,4.61,1,0,187.7,0.285
23973937,Minutes to Uptown/Airport/Stadium,entire_home,1,6.0,3.0,3.0,125.0,281,4.68,0,0,165.8,0.534
139741,Swanky Furnished Townhome in Uptown Downtown,entire_home,0,3.0,1.0,1.0,138.0,172,4.64,0,1,167.0,0.167
11636463,"Arts District, Nature trail, private pool, bikes",entire_home,1,2.0,1.0,2.0,175.0,10,4.7,0,0,174.2,0.11
32047210,Lillie's Place,entire_home,1,6.0,3.0,2.0,40.0,25,4.92,1,0,151.2,0.066
20205769,Southern Living Close to Uptown  Charlotte,entire_home,1,16.0,3.0,2.5,150.0,212,4.79,1,0,306.5,0.058
19490095,Private Guest Suite,entire_home,0,3.0,1.0,1.0,0.0,414,4.84,1,0,73.4,0.551
492113,Basil Bungalow Guesthouse | Plaza Midwood,entire_home,0,4.0,1.0,1.0,90.0,810,4.87,1,1,118.2,0.767
20725728,"Charlotte Condo: 2BR, Free Parking, Pet-Friendly!",entire_home,0,4.0,2.0,1.0,140.0,86,4.92,1,1,236.0,0.529
28163346,Cute home 9 mins from uptown and light rail!!,entire_home,1,10.0,4.0,2.0,180.0,686,4.88,1,0,216.4,0.488
17963311,"5 bedroom home in Chantilly, Walk to Plaza Midwood",entire_home,1,10.0,5.0,3.0,0.0,194,4.92,0,0,338.3,0.189
7816426,Bright Private Suite in Charming Neighborhood,private_room,0,2.0,1.0,1.0,0.0,279,4.81,1,0,77.0,0.688
20726057,Luxury Myers Park 2BR Condo with Sunroom and Free,entire_home,1,4.0,2.0,2.0,140.0,94,4.95,1,1,285.8,0.252
20729324,Garage suite close to downtown & low cleaning fee!,entire_home,0,2.0,1.0,1.0,50.0,321,4.95,1,0,111.3,0.332
25935766,"Charlotte Family Retreat w/ Deck, Near UNCC!",entire_home,1,6.0,3.0,2.5,184.0,84,4.69,0,1,218.8,0.488
8719633,The Guest House * 2BR * Historic Uptown Charlotte,entire_home,0,6.0,2.0,1.5,94.0,530,4.89,1,0,260.4,0.4
20725450,Lavish Myers Park 2BR King Condo | Porch | Private,entire_home,1,6.0,2.0,2.5,140.0,24,4.83,1,1,249.4,0.381
28911938,Gorgeous Historic Dilworth Townhome,entire_home,0,4.0,2.0,2.5,99.0,259,4.91,1,0,181.2,0.658
31550414,"Colorful, Comfortable, Private and Unique",entire_home,0,2.0,1.0,1.0,0.0,482,4.92,1,0,76.4,0.8
28055794,Dilworth Business Loft- Min. 30 Day Stay,entire_home,0,3.0,1.0,1.0,0.0,31,4.9,1,0,84.7,0.384
18588469,Updated Ranch in S. Charlotte Close to TOP GOLF!,entire_home,0,7.0,3.0,1.0,80.0,260,4.76,1,0,140.3,0.573
26437645,Cool Guest House. Close to Uptown. Walk Everywhere,entire_home,0,4.0,1.0,1.0,120.0,290,4.79,1,1,138.6,0.351
